Filename,Category
Test1001.jpg,Positive
Test1012.jpg,Random
Test1022.jpg,Positive
Test1071.jpg,Positive
Test1122.jpg,Random
Test1161.jpg,Positive
Test1199.jpg,Positive
Test1229.jpg,Random
Test1240.jpg,Positive
Test1271.jpg,Positive
Test1279.jpg,Positive
Test1290.jpg,Positive
Test1353.jpg,Positive
Test1359.jpg,Positive
Test1615.jpg,Random
Test1620.jpg,Positive
Test1634.jpg,Positive
Test1644.jpg,Random
Test1717.jpg,Positive
Test1724.jpg,Positive
Test1743.jpg,Positive
Test1767.jpg,Positive
Test1776.jpg,Positive
Test1785.jpg,Random
Test1788.jpg,Positive
Test1803.jpg,Positive
Test1818.jpg,Positive
Test1837.jpg,Random
Test1856.jpg,Positive
Test1872.jpg,Positive
Test1884.jpg,Positive
Test1885.jpg,Positive
Test1889.jpg,Positive
Test1902.jpg,Random
Test1923.jpg,Positive
Test1934.jpg,Positive
Test1954.jpg,Positive
Test1992.jpg,Positive
Test2007.jpg,Positive
Test2049.jpg,Positive
Test2068.jpg,Positive
Test2114.jpg,Positive
Test2209.jpg,Negative
Test2235.jpg,Positive
Test2280.jpg,Positive
Test2309.jpg,Random
Test2371.jpg,Positive
Test2411.jpg,Positive
Test2424.jpg,Positive
Test2434.jpg,Positive
Test2455.jpg,Positive
Test2590.jpg,Positive
Test2616.jpg,Random
Test2648.jpg,Positive
Test2650.jpg,Positive
Test2743.jpg,Positive
Test2791.jpg,Random
Test2792.jpg,Positive
Test2870.jpg,Positive
Test2959.jpg,Random
Test2962.jpg,Random
Test2977.jpg,Positive
Test3024.jpg,Positive
Test3030.jpg,Random
Test3118.jpg,Positive
Test3130.jpg,Random
Test3159.jpg,Positive
Test3177.jpg,Negative
Test3246.jpg,Positive
Test3265.jpg,Positive
Test3277.jpg,Positive
Test3294.jpg,Positive
Test3360.jpg,Random
Test3512.jpg,Positive
Test3525.jpg,Random
Test3566.jpg,Positive
Test3625.jpg,Positive
Test3706.jpg,Positive
Test3749.jpg,Random
Test3750.jpg,Random
Test3789.jpg,Positive
Test3798.jpg,Random
Test3827.jpg,Positive
Test3863.jpg,Positive
Test3864.jpg,Random
Test3893.jpg,Negative
Test3934.jpg,Random
Test3975.jpg,Positive
Test3985.jpg,Positive
Test353.jpg,Positive
Test360.jpg,Positive
Test372.jpg,Positive
Test374.jpg,Positive
Test378.jpg,Random
Test396.jpg,Negative
Test397.jpg,Negative
Test400.jpg,Positive
Test417.jpg,Positive
Test422.jpg,Positive
Test440.jpg,Positive
Test449.jpg,Random
Test482.jpg,Random
Test489.jpg,Positive
Test490.jpg,Positive
Test498.jpg,Positive
Test516.jpg,Negative
Test519.jpg,Positive
Test522.jpg,Positive
Test523.jpg,Random
Test526.jpg,Random
Test527.jpg,Positive
Test533.jpg,Negative
Test536.jpg,Positive
Test545.jpg,Negative
Test579.jpg,Positive
Test581.jpg,Random
Test587.jpg,Random
Test606.jpg,Negative
Test612.jpg,Positive
Test614.jpg,Negative
Test624.jpg,Positive
Test644.jpg,Positive
Test660.jpg,Negative
Test661.jpg,Positive
Test665.jpg,Positive
Test668.jpg,Random
Test677.jpg,Positive
Test715.jpg,Positive
Test751.jpg,Positive
Test757.jpg,Negative
Test760.jpg,Random
Test761.jpg,Random
Test778.jpg,Positive
Test779.jpg,Random
Test789.jpg,Random
Test803.jpg,Positive
Test811.jpg,Positive
Test812.jpg,Positive
Test824.jpg,Positive
Test833.jpg,Negative
Test834.jpg,Positive
Test835.jpg,Positive
Test837.jpg,Positive
Test843.jpg,Positive
Test859.jpg,Random
Test861.jpg,Positive
Test884.jpg,Positive
Test890.jpg,Positive
Test903.jpg,Random
Test912.jpg,Positive
Test929.jpg,Positive
Test937.jpg,Positive
Test941.jpg,Positive
Test942.jpg,Positive
Test945.jpg,Negative
Test946.jpg,Positive
Test957.jpg,Random
Test979.jpg,Positive
Test993.jpg,Positive
Test100.jpg,Positive
Test103.jpg,Positive
Test105.jpg,Positive
Test107.jpg,Positive
Test108.jpg,Negative
Test109.jpg,Positive
Test113.jpg,Positive
Test114.jpg,Positive
Test117.jpg,Positive
Test119.jpg,Negative
Test122.jpg,Positive
Test125.jpg,Random
Test126.jpg,Positive
Test128.jpg,Positive
Test129.jpg,Positive
Test131.jpg,Positive
Test132.jpg,Positive
Test133.jpg,Positive
Test134.jpg,Positive
Test135.jpg,Random
Test136.jpg,Random
Test140.jpg,Positive
Test141.jpg,Positive
Test143.jpg,Positive
Test144.jpg,Positive
Test145.jpg,Positive
Test149.jpg,Positive
Test151.jpg,Positive
Test152.jpg,Positive
Test154.jpg,Positive
Test158.jpg,Positive
Test160.jpg,Positive
Test161.jpg,Positive
Test162.jpg,Positive
Test164.jpg,Positive
Test165.jpg,Positive
Test166.jpg,Positive
Test168.jpg,Positive
Test172.jpg,Positive
Test173.jpg,Positive
Test176.jpg,Positive
Test179.jpg,Random
Test180.jpg,Positive
Test181.jpg,Positive
Test183.jpg,Positive
Test187.jpg,Positive
Test188.jpg,Positive
Test191.jpg,Positive
Test192.jpg,Positive
Test194.jpg,Positive
Test198.jpg,Negative
Test201.jpg,Positive
Test204.jpg,Positive
Test206.jpg,Positive
Test209.jpg,Positive
Test211.jpg,Positive
Test212.jpg,Random
Test213.jpg,Positive
Test216.jpg,Positive
Test218.jpg,Random
Test221.jpg,Positive
Test225.jpg,Positive
Test227.jpg,Positive
Test228.jpg,Positive
Test230.jpg,Positive
Test231.jpg,Positive
Test232.jpg,Positive
Test233.jpg,Positive
Test234.jpg,Positive
Test236.jpg,Positive
Test237.jpg,Positive
Test238.jpg,Positive
Test239.jpg,Negative
Test240.jpg,Positive
Test242.jpg,Negative
Test243.jpg,Random
Test244.jpg,Positive
Test245.jpg,Random
Test249.jpg,Positive
Test250.jpg,Positive